{
	"info": {
		"_postman_id": "c69cd676-2657-46ad-b004-0430bb71ced5",
		"name": "dvd",
		"schema": "https://schema.getpostman.com/json/collection/v2.1.0/collection.json"
	},
	"item": [
		{
			"name": "product",
			"item": [
				{
					"name": "Get Product",
					"protocolProfileBehavior": {
						"disabledSystemHeaders": {},
						"disableBodyPruning": true
					},
					"request": {
						"method": "GET",
						"header": [],
						"body": {
							"mode": "urlencoded",
							"urlencoded": [
								{
									"key": "sdfs",
									"value": "dsfd",
									"type": "text",
									"disabled": true
								}
							]
						},
						"url": {
							"raw": "http://localhost:3000/product",
							"protocol": "http",
							"host": [
								"localhost"
							],
							"port": "3000",
							"path": [
								"product"
							]
						}
					},
					"response": []
				},
				{
					"name": "Get product by name",
					"protocolProfileBehavior": {
						"disabledSystemHeaders": {},
						"disableBodyPruning": true
					},
					"request": {
						"method": "GET",
						"header": [],
						"body": {
							"mode": "raw",
							"raw": "{\n    \"name\":\"mange\",\n    \"price\":\"500\",\n    \"sellingScenario\":\"per kg\",\n    \"quantity\":\"100\"\n}",
							"options": {
								"raw": {
									"language": "json"
								}
							}
						},
						"url": {
							"raw": "http://localhost:3000/product/mango",
							"protocol": "http",
							"host": [
								"localhost"
							],
							"port": "3000",
							"path": [
								"product",
								"mango"
							]
						}
					},
					"response": []
				},
				{
					"name": "Add product",
					"protocolProfileBehavior": {
						"disabledSystemHeaders": {}
					},
					"request": {
						"method": "POST",
						"header": [],
						"body": {
							"mode": "raw",
							"raw": "{\n    \"name\":\"mange\",\n    \"price\":\"500\",\n    \"sellingScenario\":\"per kg\",\n    \"quantity\":\"100\"\n}",
							"options": {
								"raw": {
									"language": "json"
								}
							}
						},
						"url": {
							"raw": "http://localhost:3000/product",
							"protocol": "http",
							"host": [
								"localhost"
							],
							"port": "3000",
							"path": [
								"product"
							]
						}
					},
					"response": []
				},
				{
					"name": "Update product",
					"protocolProfileBehavior": {
						"disabledSystemHeaders": {}
					},
					"request": {
						"method": "PUT",
						"header": [],
						"body": {
							"mode": "raw",
							"raw": "{\n    \"name\":\"mang0\",\n    \"price\":\"5000\",\n    \"sellingScenario\":\"per kgs\",\n    \"quantity\":\"1000\"\n}",
							"options": {
								"raw": {
									"language": "json"
								}
							}
						},
						"url": {
							"raw": "http://localhost:3000/product/2",
							"protocol": "http",
							"host": [
								"localhost"
							],
							"port": "3000",
							"path": [
								"product",
								"2"
							]
						}
					},
					"response": []
				},
				{
					"name": "Delete product",
					"protocolProfileBehavior": {
						"disabledSystemHeaders": {}
					},
					"request": {
						"method": "DELETE",
						"header": [],
						"body": {
							"mode": "raw",
							"raw": "{\n    \"name\":\"mang0\",\n    \"price\":\"5000\",\n    \"sellingScenario\":\"per kgs\",\n    \"quantity\":\"1000\"\n}",
							"options": {
								"raw": {
									"language": "json"
								}
							}
						},
						"url": {
							"raw": "http://localhost:3000/product/2",
							"protocol": "http",
							"host": [
								"localhost"
							],
							"port": "3000",
							"path": [
								"product",
								"2"
							]
						}
					},
					"response": []
				},
				{
					"name": "Update product quantity",
					"protocolProfileBehavior": {
						"disabledSystemHeaders": {}
					},
					"request": {
						"method": "PUT",
						"header": [],
						"body": {
							"mode": "raw",
							"raw": "{\n    \"quantity\":11,\n    \"isSold\":false   \n}",
							"options": {
								"raw": {
									"language": "json"
								}
							}
						},
						"url": {
							"raw": "http://localhost:3000/product/updateQuantity/3",
							"protocol": "http",
							"host": [
								"localhost"
							],
							"port": "3000",
							"path": [
								"product",
								"updateQuantity",
								"3"
							]
						}
					},
					"response": []
				}
			]
		},
		{
			"name": "Sales",
			"item": [
				{
					"name": "Get sales",
					"protocolProfileBehavior": {
						"disabledSystemHeaders": {},
						"disableBodyPruning": true
					},
					"request": {
						"method": "GET",
						"header": [],
						"body": {
							"mode": "urlencoded",
							"urlencoded": [
								{
									"key": "sdfs",
									"value": "dsfd",
									"type": "text",
									"disabled": true
								}
							]
						},
						"url": {
							"raw": "http://localhost:3000/sales",
							"protocol": "http",
							"host": [
								"localhost"
							],
							"port": "3000",
							"path": [
								"sales"
							]
						}
					},
					"response": []
				},
				{
					"name": "Get sales by id",
					"protocolProfileBehavior": {
						"disabledSystemHeaders": {},
						"disableBodyPruning": true
					},
					"request": {
						"method": "GET",
						"header": [],
						"body": {
							"mode": "raw",
							"raw": "{\n    \"name\":\"mange\",\n    \"price\":\"500\",\n    \"sellingScenario\":\"per kg\",\n    \"quantity\":\"100\"\n}",
							"options": {
								"raw": {
									"language": "json"
								}
							}
						},
						"url": {
							"raw": "http://localhost:3000/sales/2",
							"protocol": "http",
							"host": [
								"localhost"
							],
							"port": "3000",
							"path": [
								"sales",
								"2"
							]
						}
					},
					"response": []
				},
				{
					"name": "Add Sale",
					"protocolProfileBehavior": {
						"disabledSystemHeaders": {}
					},
					"request": {
						"method": "POST",
						"header": [],
						"body": {
							"mode": "raw",
							"raw": "{\n    \"deliveryType\": \"three wheeler\",\n    \"product\": [\n        {\n            \"id\": 1,\n            \"name\": \"mango\",\n            \"price\": \"100\",\n            \"sellingScenario\": \"per kg\",\n            \"quantity\": \"20\"\n        },\n        {\n            \"id\": 3,\n            \"name\": \"orange\",\n            \"price\": \"200\",\n            \"sellingScenario\": \"per kg\",\n            \"quantity\": \"10\"\n        }\n    ],\n    \"customer\": \"Rakesh Sharma\",\n    \"totalPrice\": \"5000\",\n    \"paymentMode\": \"cash\"\n}",
							"options": {
								"raw": {
									"language": "json"
								}
							}
						},
						"url": {
							"raw": "http://localhost:3000/sales",
							"protocol": "http",
							"host": [
								"localhost"
							],
							"port": "3000",
							"path": [
								"sales"
							]
						}
					},
					"response": []
				},
				{
					"name": "Update sale",
					"protocolProfileBehavior": {
						"disabledSystemHeaders": {}
					},
					"request": {
						"method": "PUT",
						"header": [],
						"body": {
							"mode": "raw",
							"raw": "{\n    \"invoiceNumber\":\"GEABGEF\",\n    \"deliveryType\": \"three wheeler\",\n    \"product\": [\n        {\n            \"id\": 1,\n            \"name\": \"mango\",\n            \"price\": \"100\",\n            \"sellingScenario\": \"per kg\",\n            \"quantity\": \"20\"\n        }\n    ],\n    \"customer\": \"Rakesh Sharma\",\n    \"totalPrice\": \"20000\",\n    \"paymentMode\": \"cash\"\n}",
							"options": {
								"raw": {
									"language": "json"
								}
							}
						},
						"url": {
							"raw": "http://localhost:3000/sales/3",
							"protocol": "http",
							"host": [
								"localhost"
							],
							"port": "3000",
							"path": [
								"sales",
								"3"
							]
						}
					},
					"response": []
				},
				{
					"name": "Delete sale",
					"protocolProfileBehavior": {
						"disabledSystemHeaders": {}
					},
					"request": {
						"method": "DELETE",
						"header": [],
						"body": {
							"mode": "raw",
							"raw": "{\n    \"invoiceNumber\":\"GEABGEF\",\n    \"deliveryType\": \"three wheeler\",\n    \"product\": [\n        {\n            \"id\": 1,\n            \"name\": \"mango\",\n            \"price\": \"100\",\n            \"sellingScenario\": \"per kg\",\n            \"quantity\": \"20\"\n        }\n    ],\n    \"customer\": \"Rakesh Sharma\",\n    \"totalPrice\": \"20000\",\n    \"paymentMode\": \"cash\"\n}",
							"options": {
								"raw": {
									"language": "json"
								}
							}
						},
						"url": {
							"raw": "http://localhost:3000/sales/3",
							"protocol": "http",
							"host": [
								"localhost"
							],
							"port": "3000",
							"path": [
								"sales",
								"3"
							]
						}
					},
					"response": []
				}
			]
		}
	]
}